"samsung s8 plus tempered glass","samsung s8 plus tempered glass"
"samsung note 5 case","samsung note 5 case"
"samsung note 8 tempered glass","samsung note 8 tempered glass"
"samsung galaxy note 8 case","samsung galaxy note 8 case"
"samsung galaxy s8 case","samsung galaxy s8 case"
"samsung s7 edge cover","samsung s7 edge cover"
"samsung s8 plus cover","samsung s8 plus cover"
"samsung j7 prime case","samsung j7 prime case"
"samsung s7 edge case","samsung s7 edge case"
"samsung s8 plus case","samsung s8 plus case"
"samsung note 3 case","samsung note 3 case"
"samsung note 8 cover","samsung note 8 cover"
"samsung s8 cover","samsung s8 cover"
"samsung s7 case","samsung s7 case"
"samsung j7 pro case","samsung j7 pro case"
"samsung note 8 case","samsung note 8 case"
